customer_id,age,gender,annual_income,credit_score,account_tenure_years,avg_monthly_balance,missed_payments,loan_type,loan_amount,insurance_type,annual_premium,policy_tenure_years,claims_count,total_claim_amount,customer_risk_score,churn_risk,customer_segment
10001,53,Female,"$73,542.22",731,12,"$92,164.98",1,Auto,"$490,270.33",Health,"$4,954.70",9,3,"$21,854.96",65,Medium,Low Value
10002,34,Female,"$124,361.12",383,12,"$47,789.19",5,Mortgage,"$1,725.83",Life,"$1,376.39",9,1,"$37,122.84",3,Medium,Medium Value
10003,62,Male,"$43,903.13",425,1,"$59,932.60",0,Auto,"$8,214.98",Health,"$4,956.72",7,3,"$4,977.61",53,Low,High Value
10004,45,Male,"$119,196.96",512,3,"$69,652.48",3,Auto,"$292,051.29",Health,"$2,871.63",3,2,"$3,421.23",99,Medium,Low Value
10005,53,Female,"$104,794.98",345,2,"$13,939.46",0,Auto,"$112,204.82",Life,$667.25,7,2,"$32,614.05",7,Low,Low Value
10006,60,Female,"$52,525.57",720,11,"$6,448.37",1,Auto,"$140,906.96",Auto,"$5,062.39",8,4,"$45,427.87",71,High,Medium Value
10007,28,Female,"$132,954.07",404,8,"$95,728.79",0,Auto,"$97,887.64",Auto,"$2,853.43",3,2,"$26,112.04",16,Medium,High Value
10008,38,Male,"$43,722.17",451,6,"$79,614.28",3,Auto,"$304,903.47",Auto,"$5,089.24",8,0,"$45,226.21",37,Medium,High Value
10009,27,Male,"$125,161.20",543,2,"$45,704.56",3,Auto,"$333,933.95",Life,"$2,155.82",4,0,"$28,499.34",43,Low,High Value
10010,39,Male,"$101,206.67",642,12,"$58,462.69",4,Personal,"$5,810.56",Health,"$2,149.61",9,1,"$30,165.71",64,Medium,Low Value
10011,34,Female,"$62,789.43",374,11,"$34,810.98",3,Personal,"$159,855.68",Home,"$3,543.66",6,1,"$9,995.17",56,Low,Medium Value
10012,32,Male,"$119,292.11",693,2,"$63,630.40",3,Auto,"$26,749.85",Life,"$3,019.14",6,1,"$21,962.70",20,High,Medium Value
10013,39,Male,"$81,834.17",798,14,"$97,423.24",4,Mortgage,"$441,372.66",Home,"$1,482.20",1,4,"$21,616.71",16,Medium,Medium Value
10014,30,Female,"$61,458.13",525,19,"$50,151.86",3,Auto,"$43,500.49",Auto,"$3,344.45",7,3,"$48,450.87",35,High,Low Value
10015,65,Female,"$52,013.02",614,9,"$25,342.24",2,Personal,"$109,001.35",Life,$585.33,2,3,"$25,539.07",48,Medium,Medium Value
10016,59,Male,"$144,585.32",715,19,"$51,125.04",1,Auto,"$159,485.41",Health,"$4,591.77",0,3,"$4,539.88",33,Medium,Low Value
10017,58,Male,"$72,889.38",785,4,"$34,580.84",4,Personal,"$211,375.20",Life,"$1,748.98",2,4,$809.87,55,Low,Low Value
10018,57,Male,"$72,210.72",453,1,"$80,041.92",4,Mortgage,"$345,667.25",Home,"$1,285.49",8,2,"$29,697.88",64,Medium,High Value
10019,27,Female,"$52,866.22",417,10,"$34,821.64",0,Auto,"$433,423.74",Life,"$3,455.35",3,3,"$41,681.60",46,Medium,Low Value
10020,52,Female,"$140,152.31",320,16,"$56,040.39",4,Auto,"$332,356.98",Home,"$4,330.45",10,2,"$36,439.26",5,High,Low Value
10021,37,Male,"$120,997.54",635,1,"$56,736.14",4,Personal,"$71,952.01",Home,"$5,707.87",3,1,"$44,506.31",48,Medium,High Value
10022,52,Male,"$48,164.35",502,18,"$75,717.23",3,Mortgage,"$497,411.20",Health,"$4,316.75",7,0,"$33,556.14",46,High,Medium Value
10023,59,Female,"$79,730.52",617,13,"$9,259.64",3,Auto,"$114,976.01",Auto,"$3,648.11",3,3,"$29,334.38",50,Low,Medium Value
10024,63,Male,"$54,859.35",636,18,"$67,584.62",3,Auto,"$268,178.05",Home,$553.83,1,3,"$14,023.55",9,Medium,High Value
10025,47,Male,"$94,633.92",791,6,"$49,978.30",3,Personal,"$304,412.81",Auto,"$4,956.07",3,3,"$24,739.08",31,Low,High Value
10026,51,Male,"$130,528.87",840,9,"$23,761.39",3,Mortgage,"$203,143.27",Auto,"$5,241.06",5,2,"$35,470.10",42,Medium,High Value
10027,65,Male,"$137,804.35",430,17,"$89,940.89",1,Auto,"$363,934.20",Health,"$5,730.54",5,4,"$15,298.53",63,Medium,Low Value
10028,58,Male,"$105,430.39",310,18,"$38,557.96",4,Mortgage,"$260,756.45",Life,$959.24,9,3,"$5,206.91",84,Low,High Value
10029,53,Male,"$139,220.19",639,14,"$45,067.00",4,Personal,"$348,597.83",Life,"$5,568.30",5,2,"$49,547.48",80,Low,High Value
10030,64,Female,"$133,259.91",475,12,"$97,042.38",5,Mortgage,"$318,175.11",Life,"$5,663.45",5,4,"$18,584.50",64,Medium,High Value
10031,40,Male,"$66,453.95",340,17,"$67,823.77",1,Auto,"$432,606.12",Health,"$2,960.21",3,4,"$4,945.86",14,High,Low Value
10032,42,Female,"$47,401.76",778,12,"$68,384.09",1,Mortgage,"$400,925.24",Home,"$5,629.25",5,3,"$42,593.97",41,Low,High Value
10033,42,Female,"$38,598.29",633,11,"$82,461.41",5,Personal,"$385,275.31",Home,$862.91,3,4,"$6,222.07",74,Low,High Value
10034,34,Male,"$59,180.02",549,7,"$29,173.05",5,Auto,"$420,472.42",Auto,"$5,163.63",7,4,"$42,130.30",43,High,High Value
10035,28,Male,"$111,932.85",826,19,"$63,328.98",1,Personal,"$82,010.93",Home,"$1,180.40",8,4,"$15,493.74",38,High,Low Value
10036,28,Female,"$126,853.66",445,0,"$26,008.79",4,Personal,"$204,835.23",Health,"$1,958.45",4,2,"$45,487.41",7,High,High Value
10037,60,Male,"$38,013.38",411,12,"$39,016.66",3,Personal,"$152,208.88",Home,"$2,157.09",3,1,"$43,330.17",22,Medium,Low Value
10038,59,Female,"$95,988.39",330,4,"$29,913.14",0,Auto,"$352,126.68",Auto,"$5,701.95",7,0,"$37,989.64",33,Medium,Medium Value
10039,35,Female,"$109,293.49",812,11,"$28,466.34",2,Auto,"$34,614.10",Home,"$3,354.17",3,4,"$36,637.64",73,Low,Medium Value
10040,56,Male,"$149,148.63",416,15,"$60,257.71",2,Mortgage,"$339,502.26",Home,"$4,020.90",4,4,"$35,380.37",44,Low,High Value
10041,32,Male,"$114,525.11",827,20,"$19,552.74",2,Mortgage,"$34,284.57",Auto,"$2,199.26",7,3,"$35,432.37",11,High,High Value
10042,40,Female,"$65,452.19",757,18,"$73,688.34",4,Auto,"$340,302.43",Health,"$1,535.89",2,2,"$7,777.53",11,Low,High Value
10043,35,Male,"$104,519.06",765,17,"$49,015.59",2,Mortgage,"$36,162.31",Auto,"$2,387.16",0,0,"$17,027.62",28,Medium,Low Value
10044,59,Male,"$123,967.53",810,10,"$44,439.41",3,Personal,"$133,152.72",Life,"$3,540.63",9,1,"$9,073.85",24,Medium,Medium Value
10045,51,Female,"$138,244.33",510,13,"$41,751.16",1,Personal,"$488,617.87",Health,$546.32,0,4,"$31,869.48",11,Medium,Low Value
10046,30,Female,"$51,272.03",744,12,"$65,159.27",5,Personal,"$481,501.01",Life,"$5,335.50",5,1,"$30,192.89",50,High,Low Value
10047,35,Male,"$114,313.20",333,16,"$14,258.02",3,Auto,"$17,895.26",Health,"$1,191.11",9,3,"$22,056.34",2,Low,Low Value
10048,30,Male,"$74,367.80",562,9,"$42,233.49",2,Mortgage,"$373,296.11",Life,"$2,643.39",3,1,"$42,137.69",39,Medium,High Value
10049,31,Male,"$63,869.33",384,9,$987.38,3,Mortgage,"$78,656.70",Health,"$4,382.64",9,0,"$23,764.26",87,High,Low Value
10050,56,Female,"$136,720.84",300,6,"$62,620.78",0,Auto,"$27,524.26",Health,"$4,607.38",5,3,"$8,429.37",90,High,Medium Value
10051,59,Female,"$50,083.16",644,15,"$96,360.19",2,Mortgage,"$295,284.65",Home,"$4,101.96",2,3,"$29,795.98",94,High,Medium Value
10052,63,Male,"$68,059.68",667,13,"$37,367.82",1,Auto,"$432,273.65",Home,"$4,342.69",4,4,"$39,324.60",59,High,Low Value
10053,61,Male,"$40,724.68",430,10,"$42,299.93",2,Auto,"$353,933.62",Home,"$1,658.49",4,3,"$31,371.54",57,Medium,Low Value
10054,33,Female,"$43,197.81",833,4,"$10,108.11",1,Auto,"$425,481.49",Home,"$4,630.29",3,5,"$10,663.14",51,Medium,Low Value
10055,40,Male,"$131,172.88",470,12,"$32,636.47",1,Mortgage,"$13,000.52",Auto,"$3,678.91",5,1,"$26,215.04",90,Medium,High Value
10056,26,Male,"$143,989.62",467,4,"$30,948.93",2,Mortgage,"$390,303.88",Health,"$1,560.76",3,2,"$25,152.63",3,Medium,Medium Value
10057,56,Female,"$109,178.34",706,2,"$61,437.36",1,Auto,"$73,905.35",Auto,"$3,062.84",9,0,"$22,361.12",98,Medium,High Value
10058,42,Male,"$30,275.04",791,7,"$58,440.39",4,Mortgage,"$236,127.73",Auto,"$1,720.89",1,2,"$27,397.35",55,High,Medium Value
10059,31,Male,"$72,030.90",716,8,"$48,498.25",4,Personal,"$321,333.74",Auto,"$3,278.60",5,5,"$22,785.98",36,Low,Low Value
10060,64,Female,"$125,395.72",705,5,"$24,579.65",5,Mortgage,"$93,982.80",Health,"$5,073.45",6,4,"$46,376.94",40,Low,Medium Value
10061,52,Female,"$46,259.25",820,0,"$35,672.74",1,Mortgage,"$178,552.34",Auto,"$3,228.77",2,3,"$32,474.44",74,High,Medium Value
10062,27,Female,"$56,528.91",408,14,"$20,761.05",3,Personal,"$326,339.05",Auto,"$2,074.04",5,1,"$39,960.10",37,High,Low Value
10063,63,Male,"$48,266.28",459,12,"$52,893.45",0,Personal,"$263,487.17",Home,"$2,993.71",8,1,"$2,776.55",34,Medium,Medium Value
10064,39,Male,"$32,832.36",454,3,"$73,527.93",2,Mortgage,"$319,538.24",Home,"$5,355.97",4,3,"$42,490.30",82,High,Low Value
10065,32,Female,"$80,591.19",733,18,"$65,436.31",1,Auto,"$281,990.07",Auto,$611.99,5,2,"$46,497.48",29,High,High Value
10066,35,Male,"$117,518.42",632,11,"$36,671.00",2,Mortgage,"$191,835.26",Home,"$3,165.82",3,3,"$7,628.91",13,High,Low Value
10067,32,Male,"$82,537.10",634,12,"$97,072.51",2,Mortgage,"$310,667.64",Auto,"$4,875.72",5,3,"$41,162.30",79,Medium,High Value
10068,36,Male,"$130,948.60",304,4,"$85,932.26",1,Personal,"$198,514.66",Home,"$3,042.10",4,2,"$35,579.67",99,Medium,Medium Value
10069,31,Female,"$47,434.11",782,3,"$28,772.86",3,Mortgage,"$476,427.77",Auto,"$1,767.08",1,3,"$1,561.30",39,Low,Low Value
10070,63,Female,"$134,528.96",308,12,"$58,624.30",1,Personal,"$407,950.97",Health,"$1,549.38",5,2,"$10,930.10",54,High,High Value
10071,32,Female,"$106,976.59",835,16,"$29,167.05",1,Personal,"$124,173.21",Health,"$4,037.08",7,3,"$48,573.03",89,Medium,High Value
10072,52,Male,"$135,440.44",687,2,"$23,908.10",5,Mortgage,"$438,192.20",Life,$697.97,1,5,"$37,964.06",77,Medium,Medium Value
10073,45,Female,"$77,414.93",740,14,"$8,686.48",5,Auto,"$25,873.03",Home,"$4,522.27",8,0,"$47,669.66",21,Medium,Medium Value
10074,59,Male,"$117,853.96",674,13,"$56,449.71",1,Mortgage,"$354,130.78",Auto,"$1,494.86",8,3,"$41,517.61",82,High,Low Value
10075,46,Male,"$54,414.26",721,13,"$75,563.65",4,Personal,"$484,835.99",Health,"$3,923.84",2,2,"$26,644.42",99,High,Medium Value
10076,65,Male,"$69,890.10",349,14,"$69,585.98",5,Personal,"$383,140.69",Life,"$5,307.46",1,2,"$8,004.65",12,Low,Low Value
10077,54,Male,"$69,039.23",808,14,"$15,233.85",1,Personal,"$364,019.08",Health,"$5,518.79",3,3,"$4,773.76",90,High,High Value
10078,62,Male,"$97,216.27",449,11,"$99,341.84",2,Personal,"$279,539.58",Life,"$2,395.99",8,4,"$6,496.13",9,High,High Value
10079,26,Female,"$62,934.18",301,5,"$6,928.26",2,Mortgage,"$310,065.44",Health,"$1,455.02",3,2,"$29,361.49",83,Low,Low Value
10080,64,Male,"$93,877.92",510,1,"$40,437.41",5,Mortgage,"$242,394.90",Home,"$5,881.64",7,4,"$17,475.15",54,High,Medium Value
10081,43,Male,"$149,622.45",796,17,"$48,625.99",4,Auto,"$303,500.72",Auto,"$3,173.74",7,4,"$9,993.13",98,Medium,High Value
10082,32,Male,"$31,021.69",352,1,"$21,852.45",3,Mortgage,"$347,201.20",Home,"$4,765.26",7,4,"$11,234.23",35,High,Medium Value
10083,37,Male,"$94,114.23",733,17,"$72,522.04",5,Auto,"$425,856.88",Health,"$1,550.93",6,1,"$9,333.86",91,Low,High Value
10084,56,Male,"$43,581.96",344,2,"$76,660.25",3,Auto,"$433,552.92",Life,"$1,796.73",1,0,"$17,461.34",1,Medium,Low Value
10085,30,Male,"$78,369.05",557,14,"$43,015.52",1,Personal,"$96,944.82",Life,"$1,777.89",0,3,"$8,190.89",39,Low,Low Value
10086,58,Male,"$73,017.43",603,6,"$11,449.04",5,Mortgage,"$264,737.00",Home,"$2,182.82",6,2,"$41,386.68",14,Low,Medium Value
10087,25,Female,"$78,019.48",814,18,"$67,697.49",5,Mortgage,"$390,688.30",Health,"$2,506.85",4,4,"$45,782.44",21,High,Low Value
10088,56,Female,"$69,086.74",843,6,"$5,214.62",2,Personal,"$55,883.60",Home,"$3,384.42",7,3,"$30,590.40",59,High,High Value
10089,36,Male,"$38,131.29",356,2,"$49,282.64",5,Personal,"$499,538.16",Life,"$5,751.65",3,3,"$45,978.61",67,High,Low Value
10090,56,Male,"$89,558.86",651,1,"$23,476.13",1,Auto,"$213,737.08",Health,"$4,369.60",5,1,"$4,393.37",4,Low,Low Value
10091,46,Female,"$62,513.95",367,11,"$69,883.29",2,Mortgage,"$273,244.47",Home,"$5,171.89",6,1,"$44,409.03",34,Medium,Medium Value
10092,60,Male,"$84,657.40",396,8,"$2,471.86",2,Personal,"$116,759.26",Auto,"$2,986.47",6,0,"$28,215.65",3,Low,Medium Value
10093,29,Female,"$80,303.70",759,17,"$19,657.64",5,Auto,"$243,739.38",Home,"$1,499.46",2,4,"$2,999.70",33,High,High Value
10094,36,Male,"$58,193.72",621,17,"$80,036.89",5,Mortgage,"$451,210.15",Home,"$3,660.90",3,4,"$16,849.34",57,Low,High Value
10095,61,Female,"$56,529.08",519,8,"$83,818.26",4,Mortgage,"$11,609.37",Home,"$1,349.69",1,2,"$42,631.44",47,Low,High Value
10096,52,Female,"$37,655.72",628,11,"$94,071.76",2,Auto,"$309,191.79",Home,"$2,863.75",4,1,"$33,579.51",16,Low,High Value
10097,25,Female,"$79,993.93",363,20,"$59,480.13",1,Auto,"$144,672.79",Home,"$3,795.32",4,2,"$16,020.04",74,Low,High Value
10098,45,Female,"$112,457.69",508,2,"$13,655.15",5,Auto,"$188,006.99",Health,"$3,618.71",5,0,"$26,501.16",27,Medium,Medium Value
10099,53,Female,"$125,442.55",563,10,"$9,138.72",2,Personal,"$304,974.03",Home,"$2,691.24",3,4,"$22,867.52",89,Low,High Value
10100,64,Male,"$46,489.37",675,8,"$34,875.54",3,Mortgage,"$143,603.87",Life,"$3,250.70",0,2,"$2,455.82",16,Medium,High Value
10101,64,Female,"$101,553.17",304,17,"$95,759.42",5,Personal,"$414,380.24",Life,"$3,630.89",9,4,"$16,508.00",64,Low,High Value
10102,37,Male,"$109,902.56",735,11,"$13,305.31",3,Personal,"$73,560.52",Auto,"$5,154.60",8,2,"$2,372.53",35,High,Medium Value
10103,51,Male,"$136,660.13",737,7,"$23,634.53",5,Personal,"$338,736.13",Auto,"$3,701.62",6,5,"$2,582.58",76,Medium,High Value
10104,52,Male,"$133,282.57",771,17,"$35,858.48",4,Mortgage,"$232,840.42",Life,"$2,776.72",9,2,"$18,916.40",38,Low,Medium Value
10105,26,Male,"$79,214.28",632,3,"$35,246.19",2,Auto,"$182,019.02",Auto,$503.55,5,4,"$34,193.23",50,High,High Value
10106,47,Female,"$131,884.45",705,13,"$49,309.72",2,Personal,"$35,956.43",Auto,"$4,685.06",8,4,"$10,478.55",50,Medium,High Value
10107,62,Male,"$48,330.67",806,3,"$44,653.52",1,Mortgage,"$108,918.21",Home,"$4,018.60",4,4,"$24,171.34",97,High,Low Value
10108,58,Male,"$73,909.16",576,4,"$61,547.28",3,Mortgage,"$73,634.38",Life,"$3,886.40",5,1,"$16,892.08",37,Medium,Low Value
10109,27,Female,"$73,699.96",309,6,"$52,236.66",1,Auto,"$27,073.14",Life,"$5,359.71",2,1,"$23,913.11",90,Low,Low Value
10110,28,Female,"$54,905.79",302,0,"$30,061.39",3,Auto,"$203,665.38",Home,"$1,694.63",8,2,"$43,147.53",2,High,Low Value
10111,37,Female,"$68,861.11",517,4,"$87,489.54",5,Mortgage,"$355,621.59",Health,"$1,673.84",4,5,"$19,382.97",96,Low,Medium Value
10112,58,Male,"$139,968.84",429,0,"$1,100.30",4,Auto,"$23,600.63",Life,"$5,458.89",5,2,"$15,733.41",38,Low,Low Value
10113,59,Male,"$52,911.92",588,15,"$22,189.58",3,Mortgage,"$260,633.14",Home,"$5,753.17",4,3,"$19,602.32",28,Medium,Low Value
10114,41,Male,"$131,345.28",428,10,"$99,137.44",2,Mortgage,"$112,194.84",Auto,"$3,796.20",4,2,"$38,775.88",62,Medium,Medium Value
10115,64,Male,"$39,907.76",325,8,"$92,336.10",4,Personal,"$12,804.09",Life,"$5,456.21",7,5,"$26,098.21",43,High,Medium Value
10116,47,Male,"$96,727.31",579,3,"$59,562.47",4,Personal,"$334,476.05",Auto,"$1,248.05",9,2,"$36,064.21",8,High,Low Value
10117,44,Male,"$46,321.33",521,3,"$86,337.07",0,Mortgage,"$276,847.81",Life,"$4,878.47",4,1,"$37,017.36",47,Medium,Medium Value
10118,59,Female,"$112,864.39",792,9,"$2,475.01",1,Personal,"$237,204.24",Home,"$2,721.32",10,4,"$25,867.36",88,Low,Low Value
10119,34,Female,"$74,915.81",839,16,"$10,105.17",1,Personal,"$439,325.67",Home,"$3,650.42",6,5,"$37,448.43",78,Low,High Value
10120,32,Female,"$139,939.42",576,8,"$46,563.64",0,Personal,"$140,072.99",Home,"$5,452.03",10,1,"$23,667.98",50,Medium,Low Value
10121,57,Female,"$127,129.89",360,6,"$58,745.41",1,Personal,"$477,155.61",Life,"$3,774.89",6,4,"$39,956.59",51,High,High Value
10122,25,Male,"$83,964.29",505,0,"$79,000.88",3,Auto,"$422,507.37",Health,"$3,396.98",3,0,"$47,689.73",9,Medium,Medium Value
10123,35,Male,"$132,465.69",528,5,"$20,534.67",2,Personal,"$464,286.09",Health,"$2,263.82",2,2,"$23,800.73",6,Medium,Low Value
10124,57,Female,"$62,354.36",756,11,"$91,491.52",4,Mortgage,"$237,286.02",Life,"$5,526.28",2,3,"$40,374.33",99,Medium,Medium Value
10125,41,Female,"$104,036.00",397,19,"$22,797.67",0,Auto,"$355,156.19",Auto,$586.64,9,2,"$33,052.80",86,Medium,Low Value
10126,33,Male,"$110,127.83",827,1,"$33,894.36",4,Personal,"$335,072.12",Life,"$3,741.05",6,2,"$25,405.26",60,High,Low Value
10127,56,Male,"$72,455.01",631,12,"$44,958.41",4,Auto,"$108,388.55",Auto,"$2,747.38",3,2,"$8,682.85",99,High,High Value
10128,52,Female,"$120,779.79",716,1,"$72,992.92",5,Auto,"$318,057.71",Life,"$5,114.17",1,2,"$9,572.94",47,Low,Low Value
10129,36,Female,"$113,808.23",774,1,"$18,195.36",1,Auto,"$52,030.65",Life,"$3,628.66",7,2,"$32,312.12",18,Medium,Low Value
10130,46,Female,"$85,193.43",517,12,"$74,268.19",4,Auto,"$473,632.59",Life,"$2,404.01",9,4,"$17,139.75",76,Medium,Medium Value
10131,35,Male,"$107,747.28",647,4,"$80,109.55",2,Mortgage,"$12,042.37",Auto,$712.32,10,1,"$43,219.99",68,High,Medium Value
10132,30,Male,"$112,284.93",386,8,"$17,989.71",2,Auto,"$207,986.77",Home,"$2,957.14",8,4,"$34,060.67",36,High,Low Value
10133,56,Female,"$146,854.34",764,7,"$62,571.23",3,Auto,"$311,873.91",Auto,"$3,503.73",5,3,"$37,200.20",87,Medium,Low Value
10134,58,Female,"$106,067.20",746,8,$599.36,3,Personal,"$444,016.29",Auto,"$3,901.08",9,4,"$36,503.15",50,Medium,Medium Value
10135,50,Female,"$62,163.55",814,2,"$70,754.38",3,Mortgage,"$377,946.15",Auto,"$1,907.08",7,3,"$10,998.67",32,Low,High Value
10136,38,Female,"$135,052.91",817,2,"$85,825.44",1,Personal,"$48,354.22",Auto,"$5,912.06",2,1,"$24,467.02",69,Low,High Value
10137,48,Male,"$33,376.06",354,20,"$96,844.70",4,Personal,"$44,597.74",Life,"$1,200.51",3,3,"$30,614.61",24,Low,High Value
10138,52,Female,"$113,841.86",419,14,"$66,798.84",4,Mortgage,"$221,114.42",Home,"$3,837.01",7,2,"$7,758.26",20,Medium,High Value
10139,36,Male,"$78,413.80",468,8,"$95,618.86",2,Mortgage,"$395,672.10",Life,"$2,890.01",1,4,"$33,474.37",26,Low,Low Value
10140,25,Female,"$51,052.79",555,6,"$7,436.17",3,Auto,"$237,923.22",Health,"$3,337.11",1,1,"$4,981.61",72,High,Medium Value
10141,28,Male,"$47,957.52",654,0,"$40,959.76",3,Mortgage,"$14,042.22",Auto,"$4,663.96",10,3,"$41,382.66",6,Low,High Value
10142,55,Female,"$44,096.74",597,15,"$19,886.33",1,Personal,"$366,647.22",Life,"$4,748.80",5,3,"$4,563.32",87,Low,High Value
10143,61,Female,"$103,161.65",498,6,"$25,825.48",3,Personal,"$172,930.63",Health,"$3,613.93",9,4,"$18,771.41",36,Medium,Low Value
10144,43,Male,"$83,853.33",603,0,"$84,511.17",2,Personal,"$169,925.69",Auto,"$5,086.06",0,3,"$26,835.53",54,Medium,Medium Value
10145,25,Female,"$61,917.22",335,2,"$81,463.19",5,Auto,"$145,842.25",Auto,"$4,851.47",7,0,"$19,265.18",34,Medium,High Value
10146,29,Male,"$78,873.75",763,2,"$22,896.82",0,Mortgage,"$25,864.03",Health,"$2,347.88",3,2,"$12,345.83",98,High,Medium Value
10147,52,Female,"$70,489.74",648,10,"$45,521.54",4,Mortgage,"$473,153.34",Home,"$1,922.24",2,1,"$15,736.00",43,Low,High Value
10148,38,Male,"$115,540.53",668,3,"$23,235.21",2,Personal,"$432,998.50",Life,"$2,721.07",8,1,"$42,270.86",88,Medium,Low Value
10149,28,Male,"$123,361.27",759,17,"$35,840.17",3,Mortgage,"$193,990.53",Health,"$2,578.62",7,0,"$14,118.38",10,Low,Medium Value
10150,53,Female,"$32,033.55",622,19,"$26,541.91",2,Personal,"$79,623.37",Life,"$2,677.69",10,2,"$14,447.84",30,Low,High Value
10151,32,Female,"$87,734.49",711,5,"$11,016.50",4,Auto,"$4,426.68",Auto,"$5,631.39",8,4,"$29,646.80",39,High,Low Value
10152,60,Male,"$65,793.95",316,4,"$53,460.54",3,Auto,"$337,168.54",Home,"$5,825.65",5,2,"$39,364.41",56,Low,Medium Value
10153,56,Female,"$37,145.48",671,19,"$24,708.45",5,Mortgage,"$81,446.77",Life,"$4,836.22",5,3,"$49,041.64",11,Low,Low Value
10154,31,Female,"$59,012.68",311,13,"$74,028.82",1,Personal,"$468,415.94",Life,"$4,869.64",6,3,"$39,377.73",19,Low,Medium Value
10155,53,Female,"$48,462.80",848,8,"$28,328.28",3,Personal,"$476,118.54",Home,"$2,766.52",8,1,"$9,399.91",68,Medium,Low Value
10156,39,Female,"$50,305.80",510,16,"$65,886.76",2,Personal,"$375,605.18",Home,$987.15,0,4,"$27,104.34",69,High,Low Value
10157,34,Female,"$140,447.48",826,1,"$44,859.29",2,Personal,"$382,169.21",Life,"$4,170.67",3,5,"$46,496.05",78,High,Low Value
10158,37,Male,"$112,312.79",626,11,"$54,513.47",1,Mortgage,"$370,525.34",Life,"$3,991.43",3,0,"$7,327.10",71,Medium,Low Value
10159,27,Male,"$93,639.86",808,4,"$60,739.61",5,Auto,"$286,536.91",Home,"$2,582.71",7,1,"$31,222.13",26,High,High Value
10160,41,Male,"$80,713.08",786,3,"$38,495.29",1,Mortgage,"$255,747.29",Life,"$5,388.62",3,3,"$13,730.30",47,Medium,Low Value
10161,34,Female,"$57,094.24",428,19,"$1,464.53",3,Personal,"$220,180.71",Home,"$4,680.03",4,1,"$10,880.60",67,Medium,High Value
10162,62,Female,"$97,129.12",578,16,"$17,567.95",2,Mortgage,"$184,550.34",Auto,"$5,153.50",4,1,"$7,433.46",2,Low,High Value
10163,56,Female,"$83,967.17",364,11,"$20,093.04",4,Mortgage,"$102,822.45",Auto,"$5,451.90",6,5,"$43,157.45",66,High,High Value
10164,39,Male,"$104,610.27",738,12,"$39,474.45",0,Personal,"$7,303.65",Auto,"$1,489.34",7,1,"$18,624.53",32,Low,High Value
10165,49,Male,"$54,617.38",570,15,"$36,188.67",5,Auto,"$305,123.21",Auto,"$2,994.34",8,4,"$22,293.24",48,High,High Value
10166,25,Female,"$141,311.39",829,10,"$9,796.76",1,Personal,"$317,329.73",Auto,"$1,628.43",9,2,"$27,076.87",2,Medium,Medium Value
10167,43,Female,"$117,918.78",740,18,"$49,185.31",3,Personal,"$197,303.18",Home,"$1,576.13",2,1,"$43,716.90",56,Medium,Medium Value
10168,51,Female,"$70,417.10",788,1,"$56,103.11",3,Personal,"$189,770.38",Life,"$2,000.26",1,0,"$36,277.58",26,Medium,Low Value
10169,40,Female,"$37,059.32",833,16,"$90,322.56",4,Auto,"$196,593.44",Life,"$4,941.65",4,5,"$14,351.17",15,Low,Low Value
10170,39,Male,"$76,420.41",791,13,"$13,966.91",2,Personal,"$258,868.50",Home,"$1,404.56",1,4,"$23,804.50",17,Medium,High Value
10171,40,Female,"$52,327.00",411,11,"$45,384.18",4,Personal,"$117,991.47",Health,"$3,159.58",0,2,"$17,334.38",73,High,Medium Value
10172,56,Female,"$39,531.44",576,1,"$80,090.60",2,Auto,"$10,579.22",Life,"$3,770.22",3,0,"$35,013.89",58,High,Medium Value
10173,41,Female,"$58,305.67",732,4,"$15,703.70",5,Personal,"$469,638.94",Auto,"$2,627.32",0,5,"$18,318.59",28,Low,Low Value
10174,29,Female,"$91,732.36",824,6,"$91,299.76",2,Personal,"$42,697.94",Auto,"$4,556.42",5,1,"$15,102.90",11,Low,High Value
10175,60,Female,"$103,443.27",468,10,"$30,823.48",3,Mortgage,"$247,581.82",Life,"$2,694.38",6,3,"$40,621.90",90,Medium,Low Value
10176,33,Female,"$84,171.98",715,6,"$7,264.26",3,Auto,"$381,502.96",Auto,"$1,304.21",1,3,"$12,111.73",44,Medium,Low Value
10177,26,Male,"$49,966.07",759,18,"$66,614.25",0,Personal,"$291,990.76",Home,"$4,182.56",8,4,"$11,861.40",16,Medium,High Value
10178,59,Female,"$143,774.28",799,14,"$36,167.27",3,Personal,"$47,058.98",Auto,$887.63,9,0,"$37,969.33",59,High,Low Value
10179,60,Female,"$74,476.58",618,10,"$3,105.92",2,Mortgage,"$289,851.95",Life,"$5,116.47",8,0,"$37,834.38",22,High,Low Value
10180,56,Female,"$121,475.34",796,6,"$44,229.66",1,Mortgage,"$168,840.37",Home,"$4,159.69",9,5,"$45,720.96",94,Medium,Medium Value
10181,65,Male,"$113,708.97",533,15,"$54,276.11",1,Mortgage,"$88,662.51",Home,"$1,268.82",3,0,"$46,083.57",65,High,High Value
10182,37,Female,"$31,624.13",511,11,"$50,727.91",2,Mortgage,"$132,236.76",Home,"$1,554.40",9,2,"$44,910.91",28,Medium,Low Value
10183,27,Male,"$105,233.02",682,3,"$87,223.60",2,Auto,"$364,888.06",Home,"$1,710.22",7,5,"$17,824.19",21,High,Low Value
10184,49,Female,"$68,700.82",833,8,"$70,863.45",3,Personal,"$456,076.92",Auto,"$2,743.01",10,1,"$23,869.34",12,Low,High Value
10185,40,Male,"$33,166.42",660,16,"$41,017.30",2,Auto,"$228,869.09",Auto,$915.16,5,4,"$5,266.23",20,Medium,Low Value
10186,53,Female,"$76,453.51",723,9,"$7,389.59",2,Auto,"$49,639.31",Life,"$4,962.88",9,3,"$39,365.42",36,Medium,High Value
10187,47,Male,"$55,094.98",401,8,"$13,229.75",3,Auto,"$350,895.62",Life,"$1,350.10",2,2,"$26,583.17",74,Medium,Low Value
10188,38,Female,"$65,306.21",682,11,"$79,099.89",2,Mortgage,"$116,918.73",Auto,$856.33,6,4,"$19,261.52",84,Medium,High Value
10189,56,Female,"$84,465.58",783,5,"$20,800.97",1,Mortgage,"$202,804.16",Home,"$4,957.19",9,3,"$2,211.82",96,High,Medium Value
10190,25,Female,"$54,403.09",477,6,"$74,684.94",4,Mortgage,"$132,764.80",Health,"$2,536.18",9,1,"$15,509.05",74,High,Low Value
10191,38,Male,"$126,617.34",782,18,"$7,369.16",2,Personal,"$220,818.98",Life,"$5,956.62",4,5,"$4,286.33",53,High,Medium Value
10192,41,Male,"$59,480.36",635,5,"$79,588.53",2,Personal,"$248,795.60",Health,"$3,585.17",1,3,"$45,514.66",86,Medium,Medium Value
10193,50,Female,"$58,256.86",766,8,"$54,235.45",4,Personal,"$26,360.91",Home,"$1,691.08",9,3,"$12,803.07",9,Medium,Low Value
10194,43,Female,"$128,975.32",629,6,"$78,110.65",1,Auto,"$188,882.14",Life,"$4,549.78",3,1,"$20,020.09",86,Medium,Low Value
10195,31,Male,"$143,323.42",349,16,"$88,730.07",3,Personal,"$33,315.84",Health,"$1,524.82",3,2,"$34,447.52",77,Medium,Medium Value
10196,41,Female,"$115,687.78",508,7,"$26,338.79",0,Auto,"$358,975.37",Home,"$2,980.72",6,1,"$5,956.90",51,High,Medium Value
10197,28,Male,"$145,531.03",847,6,"$80,557.55",3,Auto,"$60,870.60",Health,"$1,668.08",9,4,"$32,258.48",41,Medium,Low Value
10198,58,Female,"$77,057.39",633,14,"$28,655.40",2,Personal,"$28,380.52",Auto,$532.65,1,1,"$48,754.69",29,Medium,Low Value
10199,49,Female,"$101,084.85",620,6,"$26,663.89",0,Mortgage,"$160,240.92",Health,"$2,670.60",8,1,"$7,766.49",68,Medium,High Value
10200,50,Male,"$118,706.12",737,0,"$80,981.03",0,Mortgage,"$11,784.82",Home,"$3,978.31",10,2,"$39,383.34",76,Low,Low Value
10201,33,Male,"$115,653.66",531,8,"$24,891.08",2,Mortgage,"$181,821.04",Health,"$3,456.72",4,1,"$5,296.15",28,Medium,Low Value
10202,51,Male,"$96,197.05",397,11,"$11,098.72",4,Mortgage,"$229,949.77",Home,"$5,723.60",7,3,"$15,717.03",80,Medium,Low Value
10203,59,Female,"$84,793.62",483,17,"$59,480.79",1,Auto,"$320,671.16",Auto,"$2,402.41",5,2,"$48,770.52",6,Low,High Value
10204,27,Male,"$59,912.56",662,4,"$84,208.38",2,Auto,"$467,827.68",Home,$766.90,9,1,"$21,178.32",34,Medium,Low Value
10205,29,Male,"$95,451.36",447,16,"$41,806.74",1,Auto,"$39,989.23",Auto,"$2,012.77",2,2,"$6,508.24",76,Medium,Low Value
10206,59,Male,"$143,967.80",641,11,"$71,535.19",5,Mortgage,"$204,865.70",Life,"$5,360.12",1,4,"$49,621.44",25,Medium,Low Value
10207,41,Female,"$134,909.93",605,8,"$46,925.11",3,Auto,"$261,304.27",Auto,"$3,325.17",6,3,"$22,623.28",24,Medium,High Value
10208,52,Female,"$86,484.71",417,11,"$22,811.89",0,Mortgage,"$404,344.77",Home,"$4,412.45",5,5,"$43,055.09",68,Low,Low Value
10209,63,Male,"$134,376.34",808,5,"$22,598.25",1,Personal,"$289,407.94",Home,"$3,650.82",6,5,"$6,474.48",57,Medium,Low Value
10210,45,Male,"$146,677.34",762,13,"$59,628.47",1,Auto,"$100,960.39",Life,$977.93,3,0,"$28,310.11",70,Low,Low Value
10211,47,Male,"$133,237.92",388,0,"$10,640.64",1,Personal,"$499,792.23",Home,"$3,264.59",8,5,"$14,725.08",85,Low,High Value
10212,55,Male,"$89,824.26",825,1,"$76,130.76",4,Personal,"$492,002.44",Life,"$5,160.27",4,1,"$2,500.98",0,High,Medium Value
10213,38,Female,"$91,229.36",477,1,"$63,061.42",0,Mortgage,"$190,928.65",Home,"$5,189.39",2,4,"$49,777.69",6,High,High Value
10214,42,Female,"$119,297.03",346,14,"$22,361.62",0,Auto,"$345,374.89",Life,"$1,424.68",7,1,"$13,722.48",67,Medium,Low Value
10215,65,Male,"$45,150.05",424,13,"$58,906.45",4,Auto,"$392,968.39",Home,"$1,590.98",1,1,"$10,637.15",14,High,Low Value
10216,37,Male,"$54,355.85",799,12,"$70,888.28",2,Auto,"$498,107.46",Life,"$1,299.80",4,3,"$1,155.66",90,Medium,High Value
10217,41,Male,"$42,919.80",461,3,"$82,088.45",2,Mortgage,"$277,789.79",Health,"$2,479.06",4,2,"$48,419.52",64,Medium,Low Value
10218,64,Female,"$75,281.51",718,2,"$17,493.81",4,Mortgage,"$358,818.29",Auto,"$1,056.48",1,2,"$10,410.75",30,Low,Low Value
10219,51,Female,"$57,039.33",429,1,"$74,810.82",4,Auto,"$177,505.25",Home,$618.51,2,5,"$1,227.99",26,High,Low Value
10220,59,Female,"$87,743.88",351,1,"$90,590.16",1,Mortgage,"$378,733.24",Home,"$5,920.09",4,0,"$16,192.47",30,Medium,High Value
10221,59,Male,"$133,479.82",776,4,"$37,347.79",3,Personal,"$301,904.51",Health,"$5,406.87",8,5,"$9,193.22",67,Low,High Value
10222,39,Male,"$130,674.05",490,0,"$5,888.46",1,Auto,"$453,158.93",Life,"$4,323.89",8,2,"$49,388.27",90,Medium,High Value
10223,42,Female,"$50,160.68",834,0,"$48,272.82",1,Auto,"$210,929.82",Auto,"$5,031.42",2,5,"$47,576.46",73,High,Low Value
10224,64,Female,"$127,067.47",393,6,"$12,878.23",3,Auto,"$418,172.72",Auto,"$5,703.94",8,4,"$47,703.15",75,High,Medium Value
10225,51,Male,"$95,403.32",629,4,"$68,604.76",1,Personal,"$285,683.85",Auto,$731.85,4,1,"$39,603.65",44,Medium,Low Value
10226,43,Male,"$49,874.40",392,6,"$39,970.28",3,Personal,"$278,620.29",Home,"$5,500.04",4,1,"$29,207.12",64,Medium,High Value
10227,37,Male,"$147,551.72",489,5,"$76,672.02",3,Personal,"$192,914.27",Health,"$3,780.50",10,2,"$15,100.39",27,High,Low Value
10228,28,Male,"$56,775.94",568,11,"$2,997.36",4,Personal,"$323,085.52",Home,"$2,249.00",3,4,"$9,658.70",55,High,High Value
10229,45,Female,"$73,717.56",406,10,"$24,728.41",3,Mortgage,"$448,327.93",Home,"$3,001.43",6,1,"$31,111.41",21,Low,High Value
10230,44,Female,"$37,064.08",438,12,"$12,561.84",1,Personal,"$102,696.67",Home,"$2,133.58",3,5,"$44,493.46",89,Medium,High Value
10231,30,Female,"$64,462.34",543,7,"$54,896.91",2,Auto,"$262,561.74",Life,"$4,533.57",8,3,"$46,093.83",87,High,Medium Value
10232,28,Male,"$71,967.82",559,8,"$73,443.66",0,Mortgage,"$177,264.14",Auto,"$4,698.24",3,3,"$12,416.05",35,High,Low Value
10233,31,Female,"$134,290.20",609,6,"$44,447.74",0,Personal,"$380,177.05",Home,"$5,179.86",5,0,"$8,520.20",58,Low,Low Value
10234,26,Female,"$38,818.19",432,3,"$58,112.83",5,Mortgage,"$51,602.52",Auto,"$3,664.35",9,2,"$38,082.91",31,High,Medium Value
10235,60,Female,"$48,591.82",544,6,"$56,918.49",2,Auto,"$85,481.50",Auto,"$4,591.69",3,1,"$29,707.33",71,Medium,Medium Value
10236,60,Female,"$132,633.22",794,6,"$6,270.82",2,Personal,"$198,052.15",Auto,"$3,866.76",2,2,"$10,611.48",33,High,Medium Value
10237,33,Male,"$88,933.69",478,7,"$41,746.22",4,Mortgage,"$161,154.70",Home,"$2,596.22",1,3,"$43,137.10",22,Low,Medium Value
10238,40,Female,"$98,258.63",499,10,"$27,810.01",4,Personal,"$216,033.98",Home,"$1,972.13",3,4,"$27,428.23",13,Low,High Value
10239,62,Male,"$131,075.99",378,2,"$62,345.63",4,Auto,"$69,431.93",Life,"$4,022.74",6,5,"$43,042.08",42,Low,Medium Value
10240,35,Female,"$149,813.27",434,17,"$3,804.05",2,Mortgage,"$15,631.02",Home,"$4,474.06",7,3,"$17,186.33",21,Medium,High Value
10241,51,Female,"$144,888.14",439,8,"$57,838.08",1,Auto,"$12,782.72",Health,"$5,189.12",5,1,"$48,503.79",3,Low,Low Value
10242,56,Female,"$111,076.66",770,2,"$82,035.87",2,Auto,"$262,246.43",Auto,"$2,772.91",2,2,"$3,828.48",80,Medium,High Value
10243,41,Male,"$66,229.59",464,10,"$20,329.30",2,Personal,"$11,347.20",Auto,"$5,785.41",7,0,"$39,863.90",78,Low,Medium Value
10244,54,Female,"$120,346.33",579,15,"$40,442.28",1,Personal,"$351,372.11",Home,"$4,509.51",3,4,"$26,623.81",97,Low,Medium Value
10245,43,Female,"$86,180.15",550,11,"$25,659.09",4,Auto,"$480,127.74",Life,"$2,677.44",7,1,"$16,690.59",35,Medium,Medium Value
10246,34,Female,"$48,192.03",459,5,"$62,066.75",4,Mortgage,"$29,157.26",Auto,"$1,928.10",6,1,"$40,203.82",38,Low,High Value
10247,35,Male,"$81,789.22",636,10,"$13,011.99",3,Auto,"$100,489.05",Home,"$2,876.79",4,2,"$2,659.41",91,Low,Low Value
10248,56,Female,"$123,221.56",578,4,"$60,769.93",2,Auto,"$12,588.05",Home,"$4,510.47",7,5,"$17,236.46",53,Medium,High Value
10249,28,Male,"$48,633.17",718,0,"$98,667.62",3,Mortgage,"$246,906.74",Health,"$3,170.00",6,5,"$25,819.51",87,Medium,Medium Value
10250,26,Male,"$111,137.97",311,12,"$64,134.79",4,Auto,"$341,217.91",Home,"$2,595.95",7,4,"$17,443.31",77,Low,Low Value
10251,35,Male,"$109,255.78",340,9,"$74,403.19",5,Mortgage,"$33,937.75",Health,$941.31,10,5,"$10,355.19",54,High,Low Value
10252,63,Female,"$100,605.48",819,1,"$41,312.78",1,Mortgage,"$397,996.14",Life,$986.39,4,1,"$41,761.58",65,Medium,Medium Value
10253,41,Female,"$129,685.85",442,17,"$37,542.65",4,Auto,"$277,441.56",Health,"$5,833.44",10,0,"$49,804.85",17,Medium,High Value
10254,48,Female,"$44,699.09",312,2,"$53,581.97",1,Personal,"$417,757.47",Home,"$3,852.26",8,5,"$15,859.68",15,Low,High Value
10255,50,Male,"$130,595.49",540,9,"$24,162.30",5,Auto,"$273,131.39",Auto,"$1,236.55",4,2,"$24,577.77",48,Medium,Low Value
10256,62,Female,"$69,144.60",513,2,"$55,372.17",2,Mortgage,"$158,397.29",Health,"$2,080.57",6,2,"$10,970.86",19,High,Medium Value
10257,58,Female,"$64,856.30",563,0,"$27,859.45",4,Mortgage,"$207,503.58",Auto,"$2,273.56",1,5,"$44,790.24",55,High,Medium Value
10258,39,Male,"$52,550.29",465,9,"$3,971.63",3,Auto,"$175,256.39",Health,"$3,349.29",9,2,"$4,822.38",43,Medium,High Value
10259,57,Male,"$35,546.50",647,4,"$71,684.23",5,Personal,"$84,914.42",Auto,$665.19,10,1,"$2,095.10",46,Medium,Medium Value
10260,29,Male,"$106,363.43",747,16,"$88,741.64",0,Personal,"$149,076.05",Life,"$1,628.76",9,4,"$4,882.46",13,Low,Medium Value
10261,27,Male,"$148,176.17",578,15,"$16,489.58",3,Auto,"$45,744.29",Auto,$776.65,0,1,"$10,198.61",89,Medium,Low Value
10262,40,Female,"$86,847.97",479,12,"$35,292.91",2,Auto,"$407,363.41",Life,"$3,488.14",3,5,"$41,577.29",40,Medium,Medium Value
10263,50,Female,"$115,209.29",764,18,"$79,070.22",1,Mortgage,"$295,628.66",Auto,"$1,948.85",1,2,"$19,097.34",23,Low,Low Value
10264,32,Female,"$125,982.94",568,3,"$44,317.28",2,Personal,"$57,752.41",Auto,"$4,436.40",4,3,"$45,528.82",55,Low,Medium Value
10265,54,Male,"$90,103.31",742,6,"$9,793.32",2,Mortgage,"$61,885.87",Life,"$3,964.28",7,3,"$46,662.78",66,Medium,Medium Value
10266,63,Male,"$135,997.91",585,12,"$59,217.74",1,Auto,"$24,739.29",Health,"$4,334.72",6,0,"$7,051.02",6,High,Low Value
10267,26,Female,"$125,687.30",511,0,"$70,404.03",4,Auto,"$111,553.45",Auto,"$3,075.44",1,2,"$10,881.49",69,High,Medium Value
10268,61,Female,"$67,673.21",697,18,"$85,007.62",4,Mortgage,"$410,118.72",Health,"$2,623.82",7,5,"$3,147.50",32,Medium,Low Value
10269,28,Female,"$102,781.89",584,15,"$94,087.34",2,Auto,"$119,251.69",Auto,"$2,778.46",3,4,"$6,426.04",76,High,Medium Value
10270,48,Male,"$106,905.46",453,11,"$52,565.80",5,Mortgage,"$425,886.81",Life,"$2,743.69",10,1,"$7,217.13",48,Low,Low Value
10271,30,Female,"$109,828.18",812,17,"$38,896.45",2,Personal,"$179,571.25",Health,"$1,503.84",9,0,"$21,131.96",2,Medium,Medium Value
10272,43,Male,"$36,124.97",635,11,"$44,435.97",5,Mortgage,"$43,826.66",Life,"$2,233.81",3,1,"$35,520.60",94,High,Low Value
10273,45,Female,"$77,723.47",429,20,"$31,365.39",2,Auto,"$391,728.57",Life,"$3,083.03",6,2,"$24,218.64",58,Medium,Low Value
10274,55,Male,"$78,212.45",399,11,"$60,032.21",3,Auto,"$305,505.89",Auto,"$5,572.12",9,3,"$42,511.25",47,Medium,High Value
10275,27,Female,"$124,519.74",737,15,"$33,306.51",1,Personal,"$79,918.78",Home,"$1,308.05",4,1,"$18,430.61",68,Low,Low Value
10276,29,Female,"$77,405.99",705,16,"$87,433.22",4,Personal,"$483,133.69",Home,"$3,877.57",1,0,"$23,500.47",0,High,Medium Value
10277,63,Female,"$92,999.02",634,2,"$13,070.64",4,Auto,"$159,647.88",Life,"$2,500.70",4,1,"$49,960.82",36,High,Medium Value
10278,46,Female,"$133,054.24",787,10,$852.40,0,Personal,"$178,038.27",Auto,"$5,551.70",0,4,"$33,443.47",9,Medium,High Value
10279,57,Female,"$88,267.90",725,20,"$34,814.31",4,Auto,"$360,897.76",Life,"$1,862.27",8,0,"$19,628.63",50,Low,Low Value
10280,36,Male,"$70,147.69",504,15,"$65,628.69",3,Auto,"$103,452.73",Auto,"$1,415.79",3,5,"$49,190.52",66,Low,Medium Value
10281,45,Female,"$81,256.78",685,6,"$39,673.18",3,Personal,"$317,352.69",Health,"$2,497.22",1,3,"$2,240.44",46,High,Medium Value
10282,30,Female,"$126,138.62",818,7,"$96,840.59",2,Personal,"$245,467.08",Health,"$4,947.31",10,1,"$7,921.31",91,Medium,Medium Value
10283,41,Male,"$144,492.62",528,13,"$12,137.10",0,Auto,"$268,186.00",Health,"$5,034.33",3,1,"$12,236.39",7,Low,Low Value
10284,27,Male,"$94,395.54",684,12,"$32,401.04",1,Mortgage,"$120,902.41",Auto,"$5,812.13",5,4,"$15,004.40",93,Low,Medium Value
10285,52,Female,"$102,391.19",541,10,"$35,281.98",5,Personal,"$344,519.52",Auto,"$1,813.43",9,1,"$17,468.28",20,High,High Value
10286,34,Male,"$98,097.25",559,12,"$25,997.22",5,Mortgage,"$70,897.40",Health,"$4,939.59",7,4,"$35,192.00",69,Medium,Low Value
10287,37,Female,"$142,920.52",816,10,"$36,508.05",4,Mortgage,"$239,479.23",Auto,"$2,736.15",2,3,"$8,782.10",73,High,Low Value
10288,37,Male,"$108,968.81",743,9,"$82,006.76",4,Auto,"$265,714.34",Life,"$4,664.74",4,5,"$47,812.14",86,Medium,Low Value
10289,50,Male,"$51,177.87",746,13,"$87,842.86",5,Auto,"$240,448.99",Home,"$3,502.13",7,2,"$6,712.36",47,Low,Medium Value
10290,53,Female,"$144,113.35",633,12,"$47,798.31",4,Mortgage,"$396,441.53",Home,$833.87,0,1,"$32,720.85",19,Medium,Low Value
10291,36,Male,"$118,476.76",411,7,"$39,172.65",3,Mortgage,"$169,249.27",Auto,"$3,147.78",4,1,"$29,257.39",72,Low,Medium Value
10292,57,Male,"$113,780.44",408,0,"$33,733.95",1,Personal,"$344,429.81",Health,"$3,280.13",5,5,"$15,923.59",37,Low,High Value
10293,46,Female,"$109,422.22",702,19,"$90,507.83",2,Auto,"$319,846.92",Auto,"$4,435.90",8,1,"$12,097.85",14,Medium,Medium Value
10294,31,Female,"$138,869.98",493,14,"$14,149.58",2,Mortgage,"$486,790.31",Health,"$4,081.92",2,4,"$49,926.15",22,Medium,Low Value
10295,61,Male,"$37,941.63",350,5,"$12,021.12",4,Mortgage,"$70,771.06",Life,"$3,799.08",9,3,"$48,975.49",54,Medium,Medium Value
10296,59,Female,"$92,742.49",306,14,"$82,751.00",2,Mortgage,"$139,862.12",Life,"$2,080.72",4,1,"$25,257.44",65,Medium,Low Value
10297,48,Female,"$70,798.77",659,7,"$47,909.36",1,Mortgage,"$371,450.88",Auto,"$4,490.48",4,4,"$29,845.25",11,Medium,Medium Value
10298,34,Female,"$65,154.84",749,1,"$20,413.65",2,Personal,"$76,841.91",Life,"$4,967.69",4,3,"$2,671.52",26,Medium,High Value
10299,38,Female,"$134,959.78",725,4,"$41,404.77",2,Mortgage,"$369,118.04",Home,"$5,884.17",1,2,"$33,588.96",38,High,High Value
10300,29,Female,"$59,921.44",524,19,"$76,511.69",2,Mortgage,"$254,340.74",Life,"$2,262.94",4,4,"$47,264.65",30,Low,Medium Value
10301,44,Female,"$141,711.71",349,11,"$5,991.31",2,Auto,"$98,183.80",Home,"$3,257.33",9,3,"$39,883.98",69,Low,High Value
10302,48,Female,"$43,788.33",713,5,"$25,149.91",1,Mortgage,"$458,774.49",Home,"$1,360.59",9,1,"$43,332.60",81,Low,High Value
10303,35,Female,"$108,190.39",751,7,"$69,656.95",2,Mortgage,"$108,192.15",Health,"$1,278.65",2,3,"$34,248.73",12,Medium,Medium Value
10304,30,Male,"$42,752.93",464,3,"$87,266.26",1,Auto,"$203,234.18",Life,"$5,584.08",1,5,"$43,301.47",0,High,Medium Value
10305,53,Male,"$81,023.66",468,11,"$49,139.10",5,Auto,"$252,431.96",Health,"$5,652.01",1,4,"$45,871.24",25,Low,Low Value
10306,61,Male,"$53,416.76",419,10,"$4,321.69",5,Personal,"$453,125.41",Home,"$2,615.44",1,1,"$16,758.30",47,Medium,High Value
10307,52,Female,"$83,671.78",444,2,"$70,018.69",3,Personal,"$254,186.59",Home,$721.64,8,1,"$31,667.81",32,Low,High Value
10308,37,Male,"$42,185.22",830,16,"$8,154.85",1,Personal,"$257,175.44",Health,"$2,321.43",10,4,"$7,654.92",6,Low,Medium Value
10309,43,Female,"$33,794.47",679,7,"$39,409.52",3,Auto,"$394,548.75",Life,"$3,136.61",0,2,"$16,589.00",25,High,Low Value
10310,30,Male,"$135,953.60",381,7,"$21,273.51",5,Mortgage,"$137,885.19",Auto,"$4,063.71",5,1,"$32,697.46",81,Low,Medium Value
10311,31,Female,"$75,692.76",563,1,"$28,533.13",3,Auto,"$422,247.88",Life,"$2,977.86",5,4,"$23,492.07",81,Low,Low Value
10312,54,Male,"$127,394.20",592,18,"$58,588.05",4,Personal,"$267,789.29",Home,"$5,341.52",8,0,"$3,368.68",96,Low,Low Value
10313,56,Male,"$110,133.51",341,7,"$79,953.87",4,Mortgage,"$469,734.64",Health,"$3,583.67",7,4,"$12,745.69",91,Medium,High Value
10314,52,Male,"$132,657.68",674,10,"$26,482.35",4,Personal,"$39,743.52",Home,"$1,566.26",3,4,"$4,493.77",89,Low,Low Value
10315,59,Female,"$54,232.91",456,17,"$37,904.41",4,Auto,"$148,738.21",Home,"$1,275.55",8,2,"$32,154.61",88,Medium,Low Value
10316,52,Male,"$92,263.76",590,1,"$54,570.25",4,Mortgage,"$137,967.13",Health,"$3,158.51",6,4,"$14,067.77",73,Medium,Medium Value
10317,61,Female,"$74,951.07",696,2,"$56,038.87",5,Auto,"$443,514.48",Life,"$5,032.62",4,5,"$27,359.97",4,Low,High Value
10318,51,Male,"$149,162.17",670,5,"$86,449.36",2,Auto,"$310,911.70",Auto,"$3,154.86",3,1,"$48,614.22",82,Low,High Value
10319,34,Female,"$110,146.44",752,19,"$22,010.08",0,Personal,"$6,529.07",Life,"$1,543.96",9,2,"$14,579.36",11,Low,Medium Value
10320,49,Male,"$36,189.82",700,6,"$73,412.89",3,Mortgage,"$62,372.84",Home,"$5,545.86",5,2,"$32,539.63",91,Low,Low Value
10321,41,Male,"$82,796.91",501,12,"$19,504.75",3,Personal,"$228,303.09",Health,"$4,245.92",6,4,"$2,821.16",8,High,Medium Value
10322,47,Female,"$113,339.04",840,9,"$79,872.78",2,Mortgage,"$104,869.26",Health,"$2,226.45",1,0,"$4,570.46",97,Medium,Low Value
10323,41,Female,"$98,003.24",656,4,"$20,795.06",3,Personal,"$135,722.15",Health,"$5,191.71",1,2,"$37,510.83",70,Medium,Medium Value
10324,45,Male,"$125,616.47",388,15,"$86,555.86",3,Mortgage,"$496,083.31",Health,"$1,244.70",6,4,"$19,725.94",67,Medium,Medium Value
10325,50,Female,"$58,654.77",310,17,"$14,900.01",1,Personal,"$166,282.91",Life,"$2,659.63",9,5,"$20,279.13",41,Low,High Value
10326,34,Male,"$77,153.63",510,14,"$35,645.02",5,Personal,"$428,973.67",Auto,"$2,377.67",8,4,"$21,536.96",70,High,Medium Value
10327,40,Male,"$83,563.42",743,6,"$79,746.73",4,Auto,"$412,877.23",Life,"$5,955.79",5,3,"$10,960.85",30,High,High Value
10328,57,Female,"$80,404.93",352,6,"$2,115.72",4,Personal,"$424,501.58",Health,$994.73,9,2,"$36,911.30",62,High,High Value
10329,60,Female,"$76,232.37",563,12,"$37,615.57",2,Mortgage,"$345,468.43",Auto,"$4,178.25",5,4,"$12,196.40",96,Medium,Low Value
10330,39,Female,"$141,406.57",305,7,"$98,778.21",3,Mortgage,"$410,252.86",Health,"$2,132.42",9,1,"$1,359.13",89,Low,High Value
10331,63,Female,"$53,006.49",728,6,"$24,499.98",2,Mortgage,"$459,798.33",Health,"$4,242.21",6,4,"$33,491.93",19,High,Low Value
10332,47,Female,"$139,159.47",818,1,"$75,052.42",5,Personal,"$72,852.76",Life,"$1,440.46",8,2,"$44,310.37",32,Low,Medium Value
10333,42,Female,"$128,374.59",376,5,"$37,804.26",3,Personal,"$342,314.67",Life,"$3,109.91",8,3,"$32,705.23",33,High,Low Value
10334,55,Female,"$49,229.41",726,18,"$31,797.88",4,Personal,"$314,092.45",Auto,"$5,284.93",8,2,"$3,106.58",5,Low,Medium Value
10335,58,Female,"$148,718.49",540,18,"$53,533.21",1,Mortgage,"$285,638.86",Health,"$2,302.57",10,3,"$45,911.24",99,High,Low Value
10336,42,Male,"$130,468.56",496,6,"$73,585.92",1,Personal,"$50,090.70",Life,"$5,777.59",5,2,"$40,879.40",25,High,Low Value
10337,65,Male,"$129,512.59",346,6,"$67,683.36",3,Auto,"$389,516.46",Auto,"$4,028.96",2,3,"$24,173.37",76,Medium,High Value
10338,31,Female,"$84,706.37",798,11,"$54,304.50",2,Auto,"$205,115.41",Health,"$4,444.81",2,5,"$48,710.14",77,Medium,Low Value
10339,53,Male,"$35,934.05",453,2,"$49,600.38",2,Personal,"$359,580.09",Health,"$1,944.58",6,3,"$41,106.16",56,Medium,Medium Value
10340,43,Male,"$39,364.84",586,6,"$34,085.90",4,Personal,"$256,572.47",Life,"$2,389.29",7,4,"$6,131.05",84,Medium,Medium Value
10341,48,Male,"$92,025.12",552,15,"$31,091.51",0,Auto,"$366,461.60",Home,"$4,954.87",6,4,"$16,586.59",61,Low,Medium Value
10342,54,Male,"$116,526.22",608,2,"$46,075.80",1,Mortgage,"$248,412.35",Auto,"$5,963.30",7,4,"$28,853.63",87,Medium,Medium Value
10343,28,Female,"$32,773.60",824,18,$909.15,3,Auto,"$84,537.52",Auto,"$4,174.16",9,1,"$40,043.06",4,Medium,Medium Value
10344,30,Male,"$100,348.62",421,16,"$39,288.83",4,Mortgage,"$126,763.56",Auto,"$3,352.98",4,5,"$44,239.00",13,Low,High Value
10345,64,Female,"$67,902.62",488,9,"$20,601.09",2,Auto,"$454,590.83",Health,"$1,976.10",1,2,"$23,553.94",25,Low,High Value
10346,30,Male,"$122,711.83",532,14,"$56,472.51",2,Personal,"$262,716.64",Auto,$630.15,1,2,"$31,829.67",9,Low,Medium Value
10347,29,Male,"$34,203.72",744,10,"$2,812.85",5,Auto,"$225,205.15",Home,"$4,436.17",0,3,"$20,411.76",65,High,High Value
10348,35,Male,"$53,889.17",416,2,"$96,309.29",1,Personal,"$127,487.57",Auto,$713.85,7,1,"$21,639.60",94,High,High Value
10349,28,Female,"$99,736.95",534,3,"$71,038.68",2,Auto,"$102,113.37",Home,"$1,988.81",8,3,"$43,080.50",7,High,Medium Value
10350,38,Female,"$99,471.45",669,2,"$99,414.77",3,Personal,"$347,472.48",Auto,"$4,954.19",5,2,"$1,674.70",82,Low,Medium Value
10351,60,Female,"$107,788.52",527,7,"$33,687.83",3,Mortgage,"$259,243.99",Home,"$5,710.51",2,3,"$19,706.81",71,Medium,Low Value
10352,57,Male,"$107,890.54",634,8,"$73,281.46",4,Mortgage,"$325,573.79",Auto,"$5,349.80",7,1,"$24,320.91",65,High,High Value
10353,36,Male,"$30,096.18",360,20,"$53,640.62",2,Mortgage,"$413,325.27",Home,"$3,525.95",8,4,"$20,601.07",50,Medium,High Value
10354,28,Female,"$34,177.68",626,12,"$44,922.69",1,Mortgage,"$364,826.01",Life,"$4,124.36",9,3,"$16,681.47",9,Low,High Value
10355,31,Male,"$60,879.42",564,6,"$45,553.83",2,Mortgage,"$174,265.41",Health,"$5,886.56",1,2,"$35,222.54",52,High,High Value
10356,61,Male,"$98,475.52",463,15,"$78,692.40",1,Personal,"$83,147.43",Health,"$3,054.56",1,4,"$16,290.95",33,Medium,High Value
10357,42,Male,"$56,493.92",649,8,"$43,743.48",1,Mortgage,"$287,238.70",Auto,"$2,581.30",1,4,"$32,231.89",19,Medium,High Value
10358,40,Male,"$133,418.57",648,16,"$15,970.19",1,Auto,"$167,471.81",Auto,"$1,501.23",7,1,"$47,543.25",91,High,Low Value
10359,55,Female,"$41,956.11",550,12,"$64,035.82",4,Personal,"$482,144.08",Health,"$2,236.43",0,1,"$1,017.11",12,High,High Value
10360,28,Male,"$134,221.64",644,1,"$35,138.96",1,Auto,"$252,148.03",Life,"$2,549.39",2,0,"$8,517.90",81,High,High Value
10361,36,Male,"$102,549.73",416,19,"$14,973.10",3,Mortgage,"$210,015.47",Auto,"$3,576.64",4,5,"$28,160.99",40,Medium,Medium Value
10362,61,Male,"$117,963.29",619,11,"$25,068.36",0,Auto,"$200,564.38",Home,"$3,496.91",9,3,"$22,525.22",50,High,Medium Value
10363,31,Female,"$47,975.20",816,10,"$44,170.77",1,Mortgage,"$330,222.84",Life,"$5,269.14",9,4,"$25,614.62",85,Medium,Low Value
10364,54,Female,"$138,849.56",741,10,"$99,080.76",1,Mortgage,"$203,030.85",Health,"$2,273.61",8,2,$811.70,73,Medium,Medium Value
10365,35,Female,"$37,192.43",307,4,"$67,434.98",4,Auto,"$172,646.22",Health,"$5,172.61",3,3,"$40,607.91",87,High,Medium Value
10366,57,Female,"$48,821.24",361,17,"$39,048.62",2,Auto,"$217,793.47",Life,"$2,959.31",1,3,"$24,540.68",88,Low,Medium Value
10367,58,Female,"$107,158.57",443,9,"$55,432.75",0,Auto,"$188,289.06",Home,"$1,564.35",9,2,"$15,362.37",97,Low,Low Value
10368,61,Male,"$41,627.90",559,12,"$49,543.50",5,Mortgage,"$319,072.47",Health,"$4,186.83",4,4,"$46,701.90",16,Medium,High Value
10369,34,Female,"$119,641.94",581,0,"$75,003.07",2,Auto,"$276,067.53",Home,"$3,953.04",2,1,"$7,778.25",38,Medium,Low Value
10370,40,Female,"$121,307.99",810,15,"$53,087.28",0,Personal,"$318,700.84",Health,"$2,309.12",9,4,"$16,041.31",11,Medium,Medium Value
10371,61,Male,"$69,174.89",822,2,"$56,189.10",0,Auto,"$36,103.24",Auto,"$3,180.53",1,1,"$29,132.61",4,High,High Value
10372,34,Male,"$138,723.32",422,13,"$59,940.73",4,Auto,"$374,342.39",Auto,"$3,095.92",5,4,"$14,951.46",32,High,Low Value
10373,56,Female,"$61,326.65",390,14,"$36,181.13",3,Auto,"$345,721.76",Life,"$2,114.77",5,0,"$2,731.78",80,Low,High Value
10374,27,Female,"$138,206.59",396,17,"$75,105.91",4,Personal,"$126,264.28",Health,"$2,290.75",8,3,"$35,371.62",60,Medium,Medium Value
10375,42,Male,"$35,469.40",340,7,"$5,804.44",4,Auto,"$137,179.15",Auto,"$3,008.59",8,1,"$2,124.91",99,High,Low Value
10376,34,Female,"$46,865.99",492,15,"$67,472.95",2,Auto,"$385,722.48",Auto,"$3,022.77",5,3,"$42,699.20",74,Low,Low Value
10377,47,Female,"$124,533.30",337,17,"$66,264.94",4,Personal,"$78,457.01",Health,"$4,110.33",1,2,"$19,587.09",13,Low,Medium Value
10378,54,Female,"$119,584.43",551,5,"$42,452.92",1,Auto,"$315,442.71",Health,"$4,818.48",10,1,"$14,425.70",83,High,Medium Value
10379,40,Female,"$81,727.32",412,19,"$25,628.26",0,Auto,"$460,201.01",Home,"$2,205.74",2,3,"$4,321.91",13,High,Medium Value
10380,27,Female,"$129,997.98",427,4,"$96,567.81",4,Auto,"$382,902.80",Health,"$5,247.80",5,4,"$48,630.80",79,High,Medium Value
10381,49,Male,"$148,385.88",518,11,"$33,184.92",3,Mortgage,"$120,395.16",Health,$868.52,3,3,"$49,556.27",36,High,Medium Value
10382,46,Male,"$132,571.94",453,12,"$30,693.93",0,Auto,"$238,405.94",Life,"$4,907.85",2,2,$223.16,82,High,Low Value
10383,45,Female,"$119,844.88",785,1,"$38,535.80",2,Mortgage,"$214,054.33",Auto,"$1,348.84",3,2,"$36,676.79",50,High,Medium Value
10384,43,Male,"$32,750.68",300,15,"$39,732.74",3,Auto,"$109,558.01",Health,$638.36,6,1,"$29,952.12",48,High,Medium Value
10385,26,Female,"$122,319.55",573,0,"$57,848.04",4,Mortgage,"$470,299.70",Health,$814.40,9,4,"$6,420.41",83,Medium,Medium Value
10386,55,Male,"$135,349.90",544,0,"$86,836.62",2,Auto,"$316,625.21",Life,"$2,451.38",8,4,"$40,380.11",23,Low,Low Value
10387,58,Male,"$69,161.05",747,14,"$55,440.05",4,Mortgage,"$137,925.12",Health,"$3,112.83",4,1,"$10,348.65",94,Medium,High Value
10388,62,Female,"$112,738.17",840,5,"$45,612.09",1,Mortgage,"$249,974.53",Auto,"$2,351.58",0,3,"$30,979.78",36,High,Low Value
10389,59,Male,"$105,853.99",369,17,"$53,104.84",4,Auto,"$458,757.45",Auto,"$3,765.41",2,2,"$48,338.61",55,Medium,High Value
10390,63,Male,"$110,283.42",770,5,"$82,839.64",1,Auto,"$107,598.86",Auto,"$3,805.12",8,5,"$5,395.14",4,Low,Medium Value
10391,65,Female,"$41,991.39",698,15,"$75,921.61",0,Mortgage,"$217,709.11",Life,$955.13,8,4,"$10,460.93",97,High,Low Value
10392,39,Male,"$84,063.98",802,3,"$94,820.23",3,Mortgage,"$180,621.50",Life,"$2,915.05",10,3,"$33,452.47",41,High,Medium Value
10393,27,Male,"$36,432.49",583,17,"$58,856.56",4,Personal,"$128,912.26",Health,"$4,327.87",10,1,"$47,326.92",2,High,High Value
10394,26,Female,"$69,566.36",468,3,"$46,747.87",1,Mortgage,"$239,340.21",Home,"$4,344.13",7,4,"$40,067.39",32,Low,Low Value
10395,43,Female,"$149,054.42",831,6,"$3,870.58",2,Mortgage,"$162,093.86",Auto,"$3,540.49",7,4,"$36,505.07",79,High,Medium Value
10396,46,Male,"$137,436.30",384,13,"$25,745.83",4,Auto,"$81,067.42",Auto,"$4,062.61",7,4,"$21,615.39",67,Medium,Medium Value
10397,51,Male,"$88,484.20",506,18,"$76,405.45",4,Auto,"$461,517.06",Home,$957.67,2,1,"$8,671.74",25,Medium,High Value
10398,44,Female,"$33,340.83",472,12,"$62,885.22",2,Mortgage,"$392,882.97",Auto,"$5,524.64",9,1,"$11,037.70",3,Low,Low Value
10399,40,Male,"$98,195.79",654,0,"$23,496.79",3,Auto,"$76,953.38",Life,"$3,364.49",1,1,"$38,628.08",89,High,High Value
10400,42,Female,"$126,263.35",326,7,"$78,439.33",2,Auto,"$162,840.27",Health,"$5,687.25",8,1,"$18,248.91",31,Medium,High Value
10401,33,Male,"$66,427.00",382,4,"$59,807.92",2,Mortgage,"$106,011.32",Life,"$4,169.32",1,4,"$23,504.79",38,Medium,Medium Value
10402,31,Male,"$103,519.34",403,6,"$20,824.61",1,Personal,"$183,279.09",Health,"$2,943.74",4,0,"$30,452.58",94,Medium,Low Value
10403,38,Male,"$72,358.30",385,4,"$31,205.21",3,Mortgage,"$158,147.17",Health,"$3,465.93",6,3,"$24,227.63",50,High,Medium Value
10404,25,Female,"$59,855.03",737,0,"$78,281.65",1,Auto,"$38,314.69",Life,"$5,341.73",7,2,"$20,549.18",12,High,Medium Value
10405,38,Female,"$113,977.48",534,10,"$34,410.26",0,Mortgage,"$134,220.40",Life,"$5,162.22",5,5,"$48,155.58",69,High,Low Value
10406,50,Female,"$141,730.75",730,6,"$84,719.01",4,Personal,"$231,537.60",Health,$590.96,6,0,"$34,132.63",90,Medium,Low Value
10407,31,Female,"$49,115.55",588,13,"$15,753.09",1,Auto,"$194,505.24",Health,"$4,012.90",1,2,"$40,818.08",68,Low,Medium Value
10408,29,Male,"$33,717.08",564,0,"$88,842.82",1,Mortgage,"$184,252.19",Auto,"$3,213.91",3,4,"$32,593.30",43,Medium,Medium Value
10409,49,Male,"$35,018.36",518,0,"$50,480.98",2,Personal,"$162,056.14",Auto,"$4,524.69",9,4,"$19,797.41",29,Medium,Low Value
10410,44,Female,"$143,264.95",535,4,"$84,825.78",4,Mortgage,"$442,166.97",Life,"$4,110.16",3,1,"$23,631.80",8,Medium,Medium Value
10411,50,Female,"$134,540.36",751,1,"$28,551.09",4,Mortgage,"$206,557.57",Home,"$2,856.69",3,3,"$37,198.96",53,Medium,High Value
10412,53,Female,"$80,621.25",328,18,"$38,486.30",4,Auto,"$94,068.72",Home,"$3,867.48",4,1,"$1,686.37",42,Medium,High Value
10413,64,Male,"$144,167.48",541,12,"$57,194.31",0,Auto,"$159,423.72",Auto,"$2,681.57",1,3,"$37,264.67",55,Low,Low Value
10414,38,Male,"$67,915.61",455,12,"$87,661.44",2,Mortgage,"$71,056.82",Health,"$3,589.75",9,4,"$28,640.56",47,Medium,Low Value
10415,48,Female,"$144,523.57",341,18,"$39,624.12",0,Auto,"$98,469.06",Auto,"$2,032.64",9,4,"$39,073.97",16,Low,High Value
10416,49,Female,"$52,475.38",495,19,"$59,688.42",3,Personal,"$131,985.42",Health,"$4,975.85",2,2,"$34,876.04",27,Low,High Value
10417,34,Female,"$75,129.19",304,7,"$50,379.25",3,Auto,"$418,480.17",Life,"$3,076.74",9,4,"$32,983.09",65,Low,Low Value
10418,28,Female,"$61,266.25",487,19,"$65,236.53",2,Personal,"$56,807.99",Home,"$1,944.19",5,3,"$4,832.59",77,Low,Low Value
10419,55,Male,"$141,427.70",576,18,"$64,259.13",4,Mortgage,"$283,796.54",Health,"$4,088.53",10,3,"$25,812.60",72,Medium,Medium Value
10420,42,Male,"$63,807.66",367,8,"$27,944.25",2,Mortgage,"$108,360.13",Health,"$1,811.87",4,4,"$13,207.78",14,Low,Low Value
10421,42,Female,"$90,153.98",797,3,"$42,930.12",2,Auto,"$241,665.93",Health,"$1,133.07",1,1,"$33,398.25",96,High,Medium Value
10422,41,Male,"$124,806.64",708,1,"$52,723.02",3,Mortgage,"$230,565.32",Life,"$5,532.93",1,2,"$15,591.95",19,High,Low Value
10423,49,Female,"$105,065.42",621,0,"$81,870.63",0,Personal,"$122,709.59",Home,"$3,639.29",5,3,"$36,102.61",84,Low,Low Value
10424,53,Female,"$81,153.86",568,15,"$2,720.08",4,Mortgage,"$417,950.67",Auto,$570.82,1,3,"$42,046.62",61,Low,Medium Value
10425,59,Female,"$46,807.69",530,12,"$34,404.89",2,Auto,"$2,754.60",Auto,$968.52,6,3,"$25,620.42",85,High,Low Value
10426,33,Male,"$84,339.31",772,2,"$56,883.91",1,Personal,"$40,985.28",Home,"$2,030.30",1,2,"$49,249.81",11,Medium,High Value
10427,27,Female,"$112,531.96",694,2,"$29,655.05",2,Personal,"$147,165.76",Home,"$4,446.50",9,3,"$23,671.19",35,Low,Low Value
10428,32,Female,"$62,538.87",528,10,"$31,338.86",3,Mortgage,"$323,473.43",Home,"$4,337.36",5,1,"$8,451.25",38,Low,Low Value
10429,59,Male,"$131,007.45",467,19,"$72,347.84",1,Mortgage,"$141,820.08",Auto,"$5,595.97",4,1,"$34,377.01",86,High,High Value
10430,31,Female,"$100,642.74",788,7,"$43,713.68",0,Auto,"$424,549.83",Health,"$3,974.44",4,5,"$48,078.02",68,Medium,High Value
10431,53,Female,"$114,903.87",330,9,"$52,721.68",0,Mortgage,"$389,707.03",Life,"$1,558.06",2,5,"$13,052.37",31,Medium,Low Value
10432,28,Male,"$77,730.40",493,15,"$60,561.11",0,Personal,"$464,891.85",Life,"$5,933.13",10,5,"$7,314.35",52,Medium,Low Value
10433,60,Female,"$121,718.02",595,8,"$6,383.99",1,Mortgage,"$370,957.28",Life,"$3,926.76",4,4,"$16,782.66",34,Low,Low Value
10434,34,Male,"$113,526.56",313,5,"$53,549.77",2,Mortgage,"$345,728.37",Health,"$4,156.83",5,3,"$30,265.76",86,Low,High Value
10435,62,Male,"$144,207.44",427,2,"$14,715.44",1,Personal,"$223,287.98",Health,"$5,110.32",6,5,"$3,447.89",51,High,High Value
10436,33,Male,"$43,173.36",728,12,"$34,829.97",0,Mortgage,"$474,870.51",Auto,"$3,756.76",6,2,"$14,007.34",86,High,High Value
10437,58,Female,"$123,785.94",823,10,"$65,224.15",3,Auto,"$209,558.37",Home,"$3,341.89",5,3,"$45,819.59",52,Low,High Value
10438,46,Female,"$58,893.89",450,6,"$16,396.16",2,Mortgage,"$418,693.05",Home,"$5,307.90",6,4,"$11,556.14",91,Medium,High Value
10439,30,Female,"$58,068.09",685,0,"$18,063.82",2,Personal,"$453,700.07",Health,"$4,899.97",9,4,"$9,669.41",28,Low,Low Value
10440,58,Male,"$124,967.67",782,17,"$92,975.77",1,Mortgage,"$219,031.77",Health,"$2,611.65",4,3,"$29,273.27",0,Low,Low Value
10441,57,Male,"$58,291.81",699,2,"$74,517.57",3,Auto,"$277,594.39",Life,"$3,329.65",8,2,"$32,839.67",53,High,Medium Value
10442,31,Male,"$76,926.73",661,20,"$74,680.26",2,Auto,"$129,452.26",Health,"$5,827.26",5,1,"$30,248.35",48,Low,High Value
10443,47,Male,"$95,503.63",465,7,"$69,466.29",3,Auto,"$148,062.02",Home,"$2,157.53",6,2,"$49,297.31",88,Medium,Medium Value
10444,64,Male,"$48,536.55",389,17,"$45,322.80",2,Personal,"$347,087.32",Auto,"$4,098.06",8,4,"$30,228.21",90,Low,High Value
10445,29,Female,"$104,144.71",511,1,"$35,449.08",0,Auto,"$288,656.79",Auto,"$4,522.25",5,1,"$47,186.34",23,Low,Medium Value
10446,26,Female,"$68,585.30",750,16,"$70,446.03",2,Auto,"$362,641.83",Life,"$4,280.62",5,3,"$27,574.94",28,Low,Low Value
10447,35,Male,"$139,051.91",516,6,"$37,259.99",0,Auto,"$202,589.98",Life,"$3,807.67",4,1,"$12,646.39",84,High,High Value
10448,39,Male,"$36,036.60",556,14,"$21,933.62",0,Auto,"$281,141.86",Auto,"$2,886.88",4,3,"$9,723.78",53,High,Medium Value
10449,39,Male,"$52,819.03",752,4,"$8,046.30",3,Auto,"$276,404.06",Life,"$3,855.31",6,3,"$31,734.67",76,Medium,Low Value
10450,58,Female,"$88,720.07",415,10,"$9,036.26",3,Auto,"$149,729.44",Home,"$5,061.58",0,2,"$2,758.97",73,High,High Value
10451,64,Female,"$35,325.69",609,10,"$65,110.01",1,Auto,"$476,886.35",Auto,"$5,875.81",6,0,"$41,086.16",16,Medium,High Value
10452,60,Female,"$129,907.74",327,1,"$76,470.93",4,Personal,"$408,175.10",Auto,$807.79,5,4,"$44,445.11",6,Medium,Low Value
10453,60,Male,"$79,221.63",812,14,"$96,103.33",3,Auto,"$377,196.04",Home,"$3,001.01",4,4,"$19,943.09",49,Medium,High Value
10454,39,Female,"$127,951.38",338,18,"$31,089.47",1,Mortgage,"$360,532.05",Life,"$5,164.47",10,3,"$10,643.06",76,High,High Value
10455,31,Female,"$97,260.31",621,16,"$3,110.54",1,Personal,"$159,319.99",Auto,"$1,883.88",8,3,"$47,003.16",9,Medium,Medium Value
10456,46,Male,"$148,073.89",742,1,"$70,380.10",3,Auto,"$255,439.81",Life,"$1,982.15",7,2,"$42,725.79",83,Medium,Medium Value
10457,33,Male,"$100,098.34",840,1,"$25,014.12",2,Auto,"$244,965.48",Auto,"$5,371.31",1,3,"$49,992.35",5,Medium,High Value
10458,40,Female,"$30,729.89",758,19,"$8,462.06",3,Personal,"$251,754.20",Auto,"$1,881.64",4,1,"$25,334.95",33,Medium,Low Value
10459,63,Female,"$40,588.16",780,13,"$29,999.78",0,Auto,"$457,704.71",Home,"$4,927.24",6,3,"$7,710.76",10,Medium,High Value
10460,60,Female,"$117,387.63",321,9,"$25,456.06",4,Auto,"$192,196.11",Auto,"$3,940.23",1,2,"$47,185.34",2,Low,Medium Value
10461,59,Male,"$95,219.85",360,10,"$42,590.11",0,Mortgage,"$433,162.23",Life,"$4,034.61",9,1,"$27,374.87",94,Medium,High Value
10462,32,Male,"$81,447.21",628,2,"$69,937.38",3,Auto,"$393,911.67",Health,"$3,152.93",8,2,"$10,107.01",66,High,Low Value
10463,34,Female,"$93,098.69",787,9,"$50,334.05",2,Personal,"$422,026.81",Auto,"$1,315.16",7,4,"$14,562.00",32,Low,Low Value
10464,63,Male,"$109,757.06",826,13,"$67,214.50",4,Auto,"$251,201.00",Life,"$5,983.11",2,4,"$5,347.60",28,Medium,Medium Value
10465,63,Male,"$101,409.05",616,9,"$12,497.85",1,Personal,"$482,757.77",Life,"$5,489.55",1,2,"$33,044.06",73,High,High Value
10466,65,Male,"$99,661.77",844,18,"$68,434.33",1,Personal,"$130,388.94",Life,$840.74,3,3,"$11,660.90",61,High,High Value
10467,35,Male,"$131,403.41",464,1,"$21,863.98",2,Personal,"$114,964.36",Home,"$2,725.44",5,3,"$20,765.12",80,Low,Low Value
10468,53,Female,"$96,104.61",812,1,"$75,867.48",2,Auto,"$8,076.33",Home,$723.06,1,1,"$12,988.52",12,Low,High Value
10469,34,Male,"$66,407.72",387,7,"$33,702.73",2,Personal,"$186,047.81",Auto,"$4,221.34",0,5,"$13,861.71",78,High,High Value
10470,33,Male,"$124,667.10",664,15,"$21,916.52",1,Mortgage,"$394,082.44",Auto,"$3,458.52",5,1,"$38,040.65",36,Medium,Low Value
10471,40,Male,"$112,748.72",643,8,"$21,905.75",1,Mortgage,"$260,784.81",Auto,"$2,107.91",4,2,"$27,503.24",5,Medium,Low Value
10472,44,Male,"$131,605.47",359,19,"$76,564.07",0,Mortgage,"$312,269.42",Home,"$1,629.79",8,1,"$27,881.85",57,Medium,High Value
10473,53,Female,"$90,160.86",572,11,"$39,406.92",5,Mortgage,"$465,678.87",Home,"$4,102.29",2,4,"$33,029.13",27,Medium,High Value
10474,48,Male,"$138,369.63",772,10,"$2,805.24",0,Personal,"$155,142.65",Home,"$1,158.74",9,2,"$25,678.63",14,Medium,Low Value
10475,63,Male,"$117,488.83",572,18,"$7,629.89",0,Auto,"$46,229.29",Life,$805.00,7,1,"$37,806.30",48,Medium,High Value
10476,36,Male,"$115,696.54",749,18,"$41,530.69",5,Mortgage,"$38,524.85",Health,"$5,086.35",1,3,"$4,103.50",48,Medium,Low Value
10477,43,Male,"$137,218.98",796,13,"$60,190.83",3,Auto,"$243,724.70",Home,"$4,985.12",6,3,"$40,212.29",10,Low,Low Value
10478,29,Female,"$142,397.95",686,11,"$66,388.55",2,Auto,"$94,045.19",Auto,"$4,757.97",2,0,"$39,525.77",31,Medium,Medium Value
10479,54,Male,"$43,254.16",341,4,"$26,687.66",3,Auto,"$79,308.72",Auto,"$2,529.96",0,1,"$9,548.15",37,Low,Medium Value
10480,52,Female,"$93,047.12",520,19,"$60,855.49",2,Mortgage,"$401,714.37",Home,"$1,172.02",3,2,"$41,859.47",52,Low,Low Value
10481,43,Male,"$90,920.08",516,15,"$4,179.47",3,Mortgage,"$105,571.91",Home,"$1,772.73",9,3,"$39,925.72",14,Low,Medium Value
10482,57,Male,"$109,113.64",320,12,$874.96,2,Mortgage,"$232,448.09",Health,"$4,972.24",9,5,"$39,993.42",60,Medium,Medium Value
10483,46,Male,"$106,270.19",771,6,"$83,541.73",5,Auto,"$437,730.47",Home,"$1,802.31",8,2,"$2,090.58",41,High,Low Value
10484,47,Male,"$140,783.53",300,10,"$78,920.82",2,Auto,"$220,922.85",Auto,"$3,289.02",8,3,"$35,337.12",86,Low,Medium Value
10485,54,Male,"$73,055.20",445,16,"$41,390.66",3,Mortgage,"$435,629.48",Life,"$2,065.74",8,0,"$41,846.71",11,High,High Value
10486,45,Male,"$79,467.69",779,13,"$6,832.63",0,Mortgage,"$122,119.20",Home,"$2,631.53",3,2,"$35,997.57",9,Low,High Value
10487,43,Female,"$134,203.42",409,3,"$44,496.60",4,Personal,"$117,345.04",Auto,"$3,858.26",7,5,"$36,984.07",5,High,High Value
10488,42,Male,"$47,991.06",712,18,"$29,383.10",5,Auto,"$50,765.48",Health,"$3,664.54",1,4,"$28,023.61",33,Low,High Value
10489,46,Male,"$127,845.42",384,2,"$57,712.72",3,Mortgage,"$209,888.89",Home,"$4,982.92",8,4,"$11,480.54",2,Low,High Value
10490,44,Female,"$66,773.44",696,13,"$75,956.24",1,Auto,"$408,512.44",Auto,"$4,327.39",3,1,"$36,827.79",42,High,High Value
10491,37,Male,"$142,434.95",356,13,"$2,441.53",5,Mortgage,"$1,947.52",Home,"$4,354.04",3,2,"$20,128.76",30,Medium,High Value
10492,26,Female,"$80,771.35",596,14,"$60,462.11",4,Auto,"$34,551.02",Home,"$3,564.75",7,4,"$24,275.70",8,High,High Value
10493,55,Male,"$82,023.58",636,6,"$59,510.77",2,Personal,"$187,056.94",Life,"$5,712.25",7,5,"$20,961.67",33,Medium,Medium Value
10494,64,Male,"$137,787.29",709,11,"$40,923.13",0,Auto,"$315,539.37",Auto,$674.50,0,3,"$40,240.48",84,High,Low Value
10495,50,Female,"$136,511.25",667,18,"$92,217.30",1,Auto,"$297,429.71",Health,"$2,011.82",7,0,"$28,195.48",61,Medium,High Value
10496,58,Male,"$106,818.56",707,6,"$90,296.22",1,Auto,"$134,230.73",Home,"$2,201.58",2,5,"$28,029.68",72,High,High Value
10497,35,Female,"$92,661.56",821,5,"$29,774.58",5,Personal,"$183,853.66",Home,"$1,102.23",8,4,"$2,334.58",13,Low,Medium Value
10498,59,Male,"$135,157.43",459,2,"$84,243.14",2,Mortgage,"$294,167.26",Auto,"$2,768.22",5,4,"$7,665.73",65,Medium,High Value
10499,48,Male,"$112,375.14",737,20,"$18,533.90",2,Mortgage,"$316,829.39",Auto,"$3,625.31",6,5,"$8,822.52",100,Low,Medium Value
10500,59,Male,"$145,875.98",565,0,"$77,139.99",3,Auto,"$86,556.72",Health,"$2,974.33",1,1,"$29,915.43",84,Low,Medium Value